{
    "header": [
        "درباره من",
        "پروژه‌هام",
        "ارتباط با من"
    ],
    "title-description": "فول استک دولوپر و پن‌تستر",
    "first-button": "استخدامم کنید",
    "second-button": "دانلود رزومم",
    "about-me": "درباره من",
    "about-me-description": "جونم براتون بگه کادو تولدم باگ بهم بدید، چون تنها چیزی که لپامو گل میندازه همینه. برعکس تصورتون عاشق گل و گیاهم، شبا زود میخابم، حوصلم سر بره خودمو با شروع ی پروژه شخصی جدید بدبخت میکنم پس نزارید بیکار بمونم. هرچقدر ایده‌هاتون جدیدتر و خارج چارچوب‌تر من پایه ترم، اصلا بگید بریم ی برنامه پزشکی بنویسیم، ی برنامه برا اب و هوا من پایم. نصف کارایی که کردم اصلا تو تخصصم نبوده همون موقع گفتم چی لازمه یادش گرفتم. انقدر دارم با دیزاین زدن حال میکنم نمیدونم اینجا چی دارم مینویسم اصلااا.",
    "project-title": "پروژه‌های من",
    "skill-title": "با تخصصام بیشتر آشنا شو",
    "skills": [
        [
            "html", "css", "js", "git & github",
            "docker", "flexbox", "js", "git & github"
        ],
        [
            "WSTG v5", "MASTG", "LPIC1", "Network+"
        ]
    ],
    "contact-title": "باهام در تماس باش",
    "phone": "۰۹۱۱۲۴۲۵۲۳۴",
    "mail": "geavadva@email.com",
    "user_id": "@adva_adv"   
}